id,password_hash
emp_673342f5,6G/tdAld9NEucQQDnJjy+zw7Stw2qjRE2XAwBXl86/RA7OnKv7BOfY4nqyoQh3G6
emp_d5ad1319,AC4VZ8CLpxSiLN52HTcwxWkgMnTs936kMd5DYh0dFHXuNc73PMo1vSIHYjYZ/35F
emp_acd3e3ae,xbj51Mq6xb8T2UrUhcmczjxdBY5rgveEf2NMY97njoMBA0+La1gEWtr96b1p/Z+9
emp_3a7da1ec,u0RG6dhC8aHrlCV3fkSHbiEDm2j4Ivnt6szmq2BvWyrsVGvPOk7S0Uc1XG5Dp9HT
emp_de2a5cb8,ubnqCvNmGLrOik9bxmozzOROc5sbuOsI2ghNvi1gFzxjQSxq7b6m4dax8NKE1TEM
emp_2a3dc099,Mqefl9oREMk9J2oHa7mcrKYFPDouAJixXvMRHJdlk6MWVxBh77mx0hftjAHTUgLb
emp_a5cd8b6a,fPkpsyLLeIEFz+/f3p357htF/1M6ujx3ubURZlzBwF5CoA+ygRfqpMYmg/RLg8wr
emp_4417fe3b,9ESmVLKqH1m21TmX2a77FIwxrzEodP11GUUr8XVVga+B8kKtwL6u6MlUVyhGGgru
emp_5c272cd8,syfT+IGHT+KVRXjjWhnH/baF5zfEsfodS/oVyFcP1LV0otuayAzTHuh+ZXggLIdF
emp_9dd69d84,pqLkswFoWI+UvlqY+fe8n8YUjPxuOsbRkki8oPnjq07YVQCJQGhoENyTCqIjwuIT
emp_45d831b8,D5aKBy3mBcPxdnhpZW8XU+6ymIeoUmjJfiovii7SHwQAGE5D85vM5bm7xMF6saCw
emp_453e8cad,ooGjsX+luHwXTCJ8vTPDgPbFwpNhXmB5MhkpTaLcA5jJALZNEPfdT5guhFgzguNa
emp_212c84b4,bqjoCiu3XIVrjwGOeasIFGJotopjRUVb5JNdwtC4NanFvDOdx9ejqMobBypgol4T
emp_98fabb91,hCoxO9BvyZe9LPr85pmI7p2Vcqia7oPQaaeIENcg2JkupQhWPhlnDDpsgHPyMKun
emp_cc007435,ACIwbbtDq1x7nUKMmfNDpSP664ZWnntzp+4iSEx6YeFvC6rFNKIn/Rjte0e3OAt8
emp_a18c5b06,yPUmSOwTQ1Qm5yf8oRFs83pv6H9frfC+vjjq+o/+d6ZzPea5sQrP88kGG7uyjpMH
emp_30e5118f,1xCainJrsqubmJLeLBrZ12/gHWw/ocHzASvnTqjL6xp8/CAcWUvg+HxH8ZVvqZui
emp_e485a1e7,nLhRzBh0cinf40YP6NIoK+dmMwcwPT17zSvb2FluUbeb5VwQrUk+iwdaOcZU4+cm
emp_5f18b3a3,jmYhlAA8JOlKIrYxx2NcAGn0YIDwPVhtVdzX/mRY3w7ZH4lmveHZInqEJLnISH6A
emp_19d3494e,B39Oqmplxmeb/1NwwscNWPiXQhu4lcbuqfvN/TLmlm/EhzeQsy19fzFhxKWwvgmA
emp_c8200f6a,HiqFmAO+MEMLjDeLYZaPW63YfmO5qBu2iEEW7J71Hjq5DiHhv+LKaAxAcuZqb6RJ
emp_db643aa7,kGPNrkIvIOy9D45zvBVcFN44tXbvcIsywkndtQwFxSaAVreifT9xzjwPCvmmZqsG
emp_a7919222,RfcYvohBGEgBRPcxa76OugXiQt+BlP6lbBrQxir9yAcyvOOTj07M+7iQPu+JGxws
emp_688c9d25,LljXnBrEQs4MA4V+i+tt84D3NRevR3JD446sA2TqVg1R5FBLE+XccUzE7ngipN7k
emp_ffa6ec0c,KDx6lX6IqvxcL0UCTtVH+mMAOEBSkBUqa5kCk2vS/hObwO4Tn2hiMlOK2yHUj5Ux
